Model,Accuracy,Precision,Recall,F1-Score,ROC-AUC
cnn.h5,0.8200050454086781,0.8007337766567301,0.8622222222222222,0.8303412198311735,0.8955528177309163
